transaction_id,branch_id,customer_id,transaction_date,amount
T001,B001,C101,2026-09-01,2500
T002,B002,C102,2026-09-01,1800
T003,B003,C103,2026-09-02,3200
T004,B001,C104,2026-09-02,1500
T005,B004,C105,2026-09-03,4200
T006,B005,C106,2026-09-03,900
T007,B006,C107,2026-09-04,2700
T008,B007,C108,2026-09-04,3500
T009,B008,C109,2026-09-05,1200
T010,B002,C110,2026-09-05,2800
T011,B003,C111,2026-09-06,4500
T012,B004,C112,2026-09-06,1600
T013,B005,C113,2026-09-07,3300
T014,B006,C114,2026-09-07,2100
T015,B001,C115,2026-09-08,5000
